{"cameraMode":{"drawMode":0,"name":"Shaded","section":"Shading Mode"},"sceneLighting":true,"audioPlay":false,"sceneViewState":{"showFog":true,"showMaterialUpdate":false,"showSkybox":true,"showFlares":true,"showImageEffects":true,"showParticleSystems":true},"in2DMode":false,"pivot":{"x":1.1009373664855958,"y":0.3719993233680725,"z":9.551800727844239},"rotation":{"x":0.39724254608154299,"y":-0.6004198789596558,"z":0.45539897680282595,"w":0.5237433314323425},"size":1.7367680072784424,"orthographic":true}