{"cameraMode":{"drawMode":0,"name":"Shaded","section":"Shading Mode"},"sceneLighting":false,"audioPlay":false,"sceneViewState":{"showFog":true,"showMaterialUpdate":false,"showSkybox":false,"showFlares":true,"showImageEffects":true,"showParticleSystems":true},"in2DMode":false,"pivot":{"x":2.7209372520446779,"y":0.6899999380111694,"z":2.2485015392303469},"rotation":{"x":0.6521271467208862,"y":-0.27527230978012087,"z":0.2760993242263794,"w":0.650173544883728},"size":1.8215959072113038,"orthographic":true}